{
  "painel-core.js": 1777322372.9058146,
  "backend\\db.js": 1775509192.5814056,
  "backend\\paper-trader.js": 1775488531.7240453,
  "backend\\price-checker.js": 1774396424.8306065,
  "backend\\scanner.js": 1775488495.5983527,
  "backend\\server.js": 1774898653.2564783,
  "backend\\routes\\account.js": 1775509200.5243359,
  "backend\\routes\\scan.js": 1774396450.1536148,
  "backend\\routes\\trades.js": 1774450850.4974132,
  "tests\\api.test.js": 1773944409.1023173,
  "tests\\indicators.test.js": 1774476928.375805,
  "tests\\integration.test.js": 1773944409.1143076,
  "tests\\journal.test.js": 1773944409.1163104,
  "tests\\mtf.test.js": 1774275670.2602816,
  "tests\\patterns.test.js": 1774476899.243295,
  "tests\\risk.test.js": 1773944409.1253135,
  "tests\\scanner-filters.test.js": 1775488563.1736472,
  "tests\\scoring.test.js": 1774476769.0541973,
  "tests\\fixtures\\candles.js": 1773944409.1063273,
  "CLAUDE.md": 1775509355.3003297,
  "painel.html": 1777322374.267067,
  "docs\\agent-council-next-steps.md": 1777322801.6338758
}